"itemSet","support"
2449,3497
["29"],0.9949953081013451
["40"],0.9915545824210197
["52"],0.9962464810760088
["58"],0.9993744135126681
["29","52"],0.9915545824210197
["29","58"],0.9946825148576791
["40","58"],0.9912417891773537
["52","58"],0.9959336878323428
["29","52","58"],0.9912417891773537