"key","value"
877,1000
"368",0.07828
"529",0.07057
"766",0.06265
"829",0.0681